Bst_ID,Busstop_Name,Ward_Number,Longitude,Latitude
Blr_Bst000919,BIAL Bus Stop,0,77.70838626,13.19906167
Blr_Bst000879,Infosys (Parking Lot),0,77.66286461,12.850095
Blr_Bst000811,Church Cross (Bagalur RD),0,77.65478296,13.08858333
Blr_Bst000809,Tavakal Mosque,0,77.66489962,13.10591666
Blr_Bst000808,Chakkalatti,0,77.66823295,13.12228333
Blr_Bst000807,Bagalur,0,77.66798295,13.13458333
Blr_Bst000806,Hosur Bande,0,77.66086629,13.10611666
Blr_Bst000781,P.E.S. College,0,77.66256628,12.85855
Blr_Bst000780,Konappana Agarahara,0,77.66536628,12.855
Blr_Bst000779,Electronic City (Hosur Rd),0,77.67139961,12.84746667
Blr_Bst000778,State Bank  (Electronic City),0,77.66526628,12.84559444
Blr_Bst000764,Ambedkar Nagar (Sarjapura Rd),0,77.71304958,12.89921667
Blr_Bst000763,Kodathi Gate,0,77.72046624,12.8966
Blr_Bst000762,Shoole Kunte,0,77.72843289,12.89243333
Blr_Bst000761,Choudenahall Gate,0,77.75673287,12.88163611
Blr_Bst000760,Dommasandra Circle,0,77.75366621,12.87961667
Blr_Bst000759,Chambenahalli Gate,0,77.76158287,12.87933333
Blr_Bst000758,Yamare Village,0,77.76644953,12.87225
Blr_Bst000757,Sompura Gate,0,77.7722662,12.86186667
Blr_Bst000755,Sarjapura,0,77.78571619,12.86128333
Blr_Bst000754,Sonkad Gate,0,77.7707662,12.86348333
Blr_Bst000753,Muttanalur Cross,0,77.73908289,12.88728333
Blr_Bst000752,Ambedkar Nagar,0,77.71299958,12.89908333
Blr_Bst000730,Bannerghatta Circle,0,77.58144967,12.81386667
Blr_Bst000718,Tata Silk Farm,0,77.52343303,12.8537
Blr_Bst000717,Agara Gate (Kanakapura RD),0,77.52203304,12.84886667
Blr_Bst000716,Kuppareddykere,0,77.51768304,12.84233333
Blr_Bst000715,Art of Living Ashrama,0,77.51593304,12.83681667
Blr_Bst000714,Kaggalipura,0,77.50896638,12.80258333
Blr_Bst000713,Salhunashe,0,77.51158304,12.81098333
Blr_Bst000712,Udaya palya,0,77.51354971,12.82021667
Blr_Bst000711,Saladoddi,0,77.51294971,12.83023333
Blr_Bst000710,IB College,0,77.51436638,12.83506667
Blr_Bst000658,Chikkabidarakallu,0,77.4876664,13.05215
Blr_Bst000657,Anchepalya,0,77.4798164,13.05496667
Blr_Bst000656,T C I (Tumkur RD),0,77.46608307,13.05873333
Blr_Bst000655,Adakamaranahalli,0,77.44529975,13.07006667
Blr_Bst000654,Dasanapura,0,77.43611643,13.07513333
Blr_Bst000653,Devayanapalya,0,77.42761643,13.07858333
Blr_Bst000652,Arsinakunte,0,77.42474976,13.07971667
Blr_Bst000651,T B stop (Nelamangala RD),0,77.4013831,13.0972
Blr_Bst000650,Colony (Nelamangala),0,77.40541644,13.09425
Blr_Bst000501,Chikka Banavara,0,77.50024972,13.08185
Blr_Bst000500,Sante Maidan (Tumkur Road),0,77.50243305,13.08043333
Blr_Bst000488,Jindal Factory,0,77.4838164,13.0534
Blr_Bst000487,Madavara,0,77.47401641,13.05663333
Blr_Bst000486,Vishwashanti Ashrama,0,77.41893309,13.08281667
Blr_Bst000485,Nelamangala,0,77.39453311,13.09805
Blr_Bst000484,Janapriya  Apartment (Nelamang,0,77.40789977,13.09151667
Blr_Bst000483,Ashrama (Tumkur RD),0,77.41666643,13.08443333
Blr_Bst000482,Makali,0,77.45323308,13.06588333
Blr_Bst000481,Madanayakanahalli,0,77.46101641,13.06138333
Blr_Bst000480,Jindal Factory (Tumkur RD),0,77.48448306,13.05351667
Blr_Bst000479,Morrison,0,77.49223306,13.05071667
Blr_Bst000438,Electronic City,0,77.67183294,12.84691667
Blr_Bst000406,Honnena halli,0,77.56594968,13.16288333
Blr_Bst000405,Sriramapura cross,0,77.56323302,13.1916
Blr_Bst000404,Suradevanapura Cross,0,77.55889969,13.20451667
Blr_Bst000403,Marasandra Cross,0,77.55728302,13.20778333
Blr_Bst000402,Mazar Hosahalli Cross,0,77.55056636,13.23411667
Blr_Bst000401,Doddaballapura Railway Station,0,77.55171636,13.27808333
Blr_Bst000400,Doddaballapura Govt hospital,0,77.54423303,13.2925
Blr_Bst000399,Doddaballapura Bus Station (Ol,0,77.54221637,13.2933
Blr_Bst000398,Doddaballapura Arali Katte Cir,0,77.5435997,13.29368333
Blr_Bst000397,Doddaballapura Industrial Area,0,77.55161636,13.28005
Blr_Bst000396,Navodaya/Bombay Ryan Factory,0,77.55213302,13.26931667
Blr_Bst000395,Bashettyhalli Bank,0,77.55206636,13.27021667
Blr_Bst000394,Yellapura/Mazar hosahalli Cros,0,77.55278302,13.25766667
Blr_Bst000393,Rajan kunte,0,77.56386636,13.18181667
Blr_Bst000392,Singanayakanahalli,0,77.56721635,13.1573
Blr_Bst000391,Avalahalli (Doddaballapur Rd),0,77.56961635,13.1443
Blr_Bst000294,Veerasandra,0,77.67708293,12.83995
Blr_Bst000293,Anekal Chandapura,0,77.70414958,12.80273333
Blr_Bst000292,Anekal Chandapura Circle,0,77.70278291,12.80135
Blr_Bst000291,Ramakrishnapura Gate,0,77.70184958,12.78523333
Blr_Bst000290,Anekal Cross,0,77.69111626,12.70531667
Blr_Bst000289,Anekal,0,77.69113292,12.70531667
Blr_Bst000288,Vandanahalli,0,77.70344958,12.7246
Blr_Bst000287,Bedaganahalli,0,77.70384958,12.75146667
Blr_Bst000286,Naganayakanahalli,0,77.70073291,12.76853333
Blr_Bst000273,Wipro,0,77.65949962,12.83928333
Blr_Bst000264,Guddada Halli,0,77.73689955,12.78818333
Blr_Bst000263,Attibele,0,77.77129953,12.7783
Blr_Bst000262,Yedwanahalli,0,77.75131621,12.78516667
Blr_Bst000261,Guest Line,0,77.74199955,12.78655
Blr_Bst000260,Neraluru (Attibele RD),0,77.72963289,12.79175
Blr_Bst000259,Tirumgondanahalli,0,77.72184957,12.7938
Blr_Bst000258,Hale Chandapura,0,77.71236624,12.80118333
Blr_Bst000256,Hennagara cross,0,77.69924959,12.80635
Blr_Bst000250,AMC College,0,77.58765522,12.82896389
Blr_Bst000245,Begihalli,0,77.60234965,12.79206667
Blr_Bst000244,Hara Gadde,0,77.65236629,12.75778333
Blr_Bst000243,Madapatna,0,77.6422663,12.77006667
Blr_Bst000242,Jigani,0,77.63569963,12.78528333
Blr_Bst000220,Electronic City 2nd Phase,0,77.67089961,12.84781389
Blr_Bst000219,Electronic City 1st Phase,0,77.66558294,12.85416667
Blr_Bst000173,Kalkere,0,77.58898299,12.83261667
Blr_Bst000172,Bannerghatta National Park,0,77.57679967,12.80133333
Blr_Bst00059,Jn. Of Sarjapura Rd,0,77.78338285,12.86095
Blr_Bst00039,Narayana Hrudayalaya,0,77.69631626,12.80963333
Blr_Bst00038,Bommasandra,0,77.69081626,12.81638333
Blr_Bst00037,Hebbagodi,0,77.68296627,12.82561667
Blr_Bst00036,Huskur Gate,0,77.6793496,12.83543333
Blr_Bst00012,Infosys Main Gate,0,77.66506628,12.84545
Blr_Bst00011,PES College (Hosur),0,77.66246628,12.8582
Blr_Bst000914,Kogillu Cross,1,77.61145132,13.12304333
Blr_Bst000639,Yelahanka Police Station,1,77.59411355,13.09528611
Blr_Bst000638,Yelahanka N.E.S Office,2,77.591033,13.09826667
Blr_Bst000407,ESCORTS,2,77.590433,13.09875
Blr_Bst000390,Nagenahalli Gate,2,77.57071635,13.13145
Blr_Bst000389,C.R.P.F (Doddaballapur RD),2,77.57368301,13.12605
Blr_Bst000388,Ananthapura Gate,2,77.57895245,13.11500555
Blr_Bst000387,Puttenahalli,2,77.58011634,13.11033333
Blr_Bst000386,Railway Wheel Factory,2,77.58021634,13.10995
Blr_Bst000633,Yelahanka Dairy Circle,3,77.57678301,13.09971666
Blr_Bst000208,Yelahanka New Bus stand,3,77.57566634,13.10718333
Blr_Bst000207,Yelahanka 4th Phase Bus Stand,3,77.57283301,13.10621666
Blr_Bst000203,Yelahanka 5th phase,3,77.57664968,13.10681666
Blr_Bst000143,Govt. School (New Town),3,77.57678301,13.09985
Blr_Bst000640,Allalasandra (Level Crossing),4,77.593533,13.08466667
Blr_Bst000636,Sharavathi Hotel (Yelahanka),4,77.585833,13.0925
Blr_Bst000635,Chikkabommasandra (New Town),4,77.57894967,13.09563333
Blr_Bst000634,Yelahanka (Sat Town) Bus stand,4,77.57889967,13.0957
Blr_Bst000630,Yelahanka (13th Main RD),4,77.586333,13.093
Blr_Bst000810,Kannur,5,77.65424962,13.09308333
Blr_Bst000805,Kadasonnapanahalli,5,77.65813296,13.10145
Blr_Bst000834,Sarai Palya (Vidyasagar Cross),6,77.62848297,13.04726666
Blr_Bst000833,Ashwath Nagar (Telecom Colony),6,77.63111631,13.05241666
Blr_Bst000832,RK Hegde nagar,6,77.6337663,13.07323333
Blr_Bst000831,K Narayanapura Cross (RK Hegde,6,77.63368297,13.06795
Blr_Bst000830,RAK Apartments,6,77.63354964,13.06276666
Blr_Bst000829,Thinnasandra,6,77.63298297,13.0562
Blr_Bst000828,Vidyasagar Cross (Sarai palya),6,77.62859964,13.04741666
Blr_Bst000159,Veeranapalya,6,77.61361632,13.0422
Blr_Bst000148,Veeranapalya (ORR),6,77.61391354,13.04188889
Blr_Bst000131,Nagawara Jn.,6,77.62378297,13.04068333
Blr_Bst000130,IBM Manyatha Tech Park,6,77.62009965,13.04113333
Blr_Bst000920,Byatarayanapura (Blry RD),7,77.59342744,13.06087778
Blr_Bst000857,Esteem Mall,7,77.59288855,13.04949444
Blr_Bst000641,Kempapura,7,77.59264967,13.04956667
Blr_Bst000629,Kodigehalli Gate,7,77.593583,13.05745
Blr_Bst000628,Military Dairy Farm Gate,7,77.59358299,13.05745
Blr_Bst000204,Hebbala kempapura,7,77.59206633,13.048
Blr_Bst000160,Kempapura (ORR),7,77.60111633,13.04371667
Blr_Bst000146,Hebbala Dairy Gate,7,77.59206634,13.048
Blr_Bst000145,G.K.V.K (Bellary RD),7,77.592733,13.07418333
Blr_Bst000144,Jakkur Aerodrome,7,77.59261634,13.07478333
Blr_Bst000129,Hebbala (ORR),7,77.59119134,13.04288333
Blr_Bst000631,Chikkabommasandra,9,77.57616635,13.08966667
Blr_Bst000447,Vidyaranyapura 1st Block,9,77.55534969,13.07011667
Blr_Bst000446,Canara Bank (Vidyaranyapura),9,77.5553108,13.07006389
Blr_Bst000445,Vidyaranyapura Post Office,9,77.55821636,13.0763
Blr_Bst000444,Echala Mara (Vidyaranyapura),9,77.55926358,13.07959722
Blr_Bst000443,Vidyaranyapura Bus Station,9,77.56039969,13.08386667
Blr_Bst000450,Kuvempu Circle,10,77.55781636,13.04376667
Blr_Bst000449,Doddabommasandra,10,77.55918302,13.05871667
Blr_Bst000448,Chamundeswari Layout,10,77.55949969,13.06478333
Blr_Bst000442,Nagaland Stage,10,77.55750247,13.05596944
Blr_Bst000441,BEL Hospital,10,77.55751636,13.05008333
Blr_Bst000426,BHEL circle,10,77.55661636,13.04606667
Blr_Bst000425,BHEL Hospital,10,77.55753302,13.04903333
Blr_Bst000424,Nanjappa circle,10,77.55743302,13.06895
Blr_Bst000423,BV Balige Circle,10,77.55786636,13.05593333
Blr_Bst000421,BEL Circle,10,77.55656636,13.04536667
Blr_Bst000502,Apartment (Nelamangala),12,77.50299972,13.07323333
Blr_Bst000499,Railway Gate (Chikka Banavara,12,77.50471639,13.07555
Blr_Bst000498,Saptagiri College,12,77.50333305,13.06685
Blr_Bst000504,Widia School,14,77.50771638,13.05076667
Blr_Bst000503,Saptagiri College,14,77.50324972,13.0667
Blr_Bst000497,Bone Mill,14,77.50504972,13.0639
Blr_Bst000496,Bagal Gunte,14,77.50713305,13.05731667
Blr_Bst000478,Jalahalli Cross,15,77.51786638,13.04051667
Blr_Bst000649,Dasarahalli (Tumkur Rd),15,77.51429971,13.04258333
Blr_Bst000117,Chowdeshwarinagar Bus Station,17,77.55389969,13.03286667
Blr_Bst000643,Veterinary College (Hebbala),20,77.586483,13.0295
Blr_Bst000642,Hebbala (Canara Bank),20,77.589183,13.03746667
Blr_Bst000189,C.B.I (Bellary RD),21,77.58639967,13.02908333
Blr_Bst000836,Arabic college,23,77.62066631,13.02935
Blr_Bst000824,Railway Gate (Frazer Town),23,77.61984965,13.02546666
Blr_Bst000825,Govindapura Cross,24,77.62208298,13.03253333
Blr_Bst000814,Depot - 10,24,77.63174964,13.02623333
Blr_Bst000835,Thanisandra Petrol Bunk,24,77.62623298,13.04423333
Blr_Bst000827,Thinnasandra Petrol Bunk,24,77.62668298,13.04463333
Blr_Bst000826,Jn. Of Nagavara,24,77.62444964,13.04043333
Blr_Bst000813,Hennur (Bagalur RD),24,77.63379964,13.02915
Blr_Bst000800,Hennur Bande,24,77.6409663,13.03685
Blr_Bst000799,Hennur Cross,24,77.63593297,13.0316
Blr_Bst000142,Nagavara,24,77.62439964,13.04011667
Blr_Bst000880,Kalyananagar,25,77.6383013,13.02626333
Blr_Bst000812,Kothanur,25,77.64881629,13.06155
Blr_Bst000802,Gubbi Cross,25,77.65161629,13.06411111
Blr_Bst000801,Geddalahalli,25,77.64604963,13.05245
Blr_Bst000158,Kalyannagar,25,77.63808296,13.02628333
Blr_Bst000157,Babusab Palya Jn.(80 Feet Road,25,77.64768296,13.0226
Blr_Bst000141,Hennuru (ORR),25,77.63303297,13.02771667
Blr_Bst000134,Banaswadi,25,77.65546629,13.0193
Blr_Bst000133,Babusab Palya,25,77.64759963,13.02251666
Blr_Bst000875,Kalyananagar,29,77.6380163,13.02603
Blr_Bst000798,Kacharakanahalli,29,77.62991631,13.02105
Blr_Bst000797,Jyothi School,29,77.62916631,13.01586666
Blr_Bst000132,Hennuru Jn. (ORR),29,77.63323297,13.0274
Blr_Bst000823,K.G. Halli,30,77.61906631,13.02078333
Blr_Bst000822,P and T Colony,30,77.61653298,13.01298333
Blr_Bst000837,Venketeshpuram02,31,77.61884965,13.02011666
Blr_Bst000838,Venketeshpuram01,31,77.61504965,13.01061666
Blr_Bst000201,I.A.F/Mekheri Circle,34,77.584033,13.0188
Blr_Bst000200,Palace Grounds/Mekhri circle,34,77.58396634,13.01758333
Blr_Bst000862,Mekhri Circle East,34,77.58491081,13.01493188
Blr_Bst000627,T.V. Tower,35,77.59119967,13.00906667
Blr_Bst000900,J.C. Nagar,35,77.59248133,13.00698333
Blr_Bst000867,Sadashivanagar Bhashyam Circle,35,77.57969967,13.006
Blr_Bst000661,CPRI Gate,35,77.57688857,13.01511677
Blr_Bst000644,Munireddypalya (J.C Nagar),35,77.59354966,13.00393333
Blr_Bst000451,ITI Layout (MS Ramaiah Hospita,35,77.56861635,13.03383333
Blr_Bst000429,TATA Institute Gate,35,77.56698301,13.01425
Blr_Bst000428,Ramaiah Hospital,35,77.57173301,13.02715
Blr_Bst000427,Dollars Colony (Devesandra),35,77.56658301,13.0362
Blr_Bst000420,Devasandra,35,77.56578301,13.03703333
Blr_Bst000419,M.S. Ramaiah Hospital,35,77.57174968,13.02716667
Blr_Bst000418,Sadashivanagar Police Station,35,77.5724219,13.01639166
Blr_Bst000417,TATA Institute,35,77.57090523,13.01441944
Blr_Bst000408,Mekhri Circle West,35,77.58339949,13.01482788
Blr_Bst000191,Mekhri (Palace ground),35,77.58379967,13.01061667
Blr_Bst000190,Gangenahalli,35,77.58434967,13.02231667
Blr_Bst000115,Toll Gate (Yeshwanthpura),35,77.56086635,13.01761667
Blr_Bst00094,Yeshwantapura Toll Gate,35,77.56089968,13.01758333
Blr_Bst00093,Deewanar Palya,35,77.56179968,13.02686667
Blr_Bst00092,M S Ramaiah college,35,77.56179968,13.02845
Blr_Bst000116,Mattikere,36,77.55768302,13.0342
Blr_Bst00095,Govardhan Turning,38,77.55381636,13.01786667
Blr_Bst000473,M E I Factory,38,77.54743302,13.02468333
Blr_Bst000492,MEI (Tumkur RD),38,77.54401637,13.02643333
Blr_Bst000491,S R S Kalyanamanatapa,38,77.5306497,13.03411667
Blr_Bst000490,Peenya (1st Stage),38,77.52516638,13.03613333
Blr_Bst000477,Peenya 1st,38,77.52536638,13.03623333
Blr_Bst000476,S R S (Tumkur RD),38,77.53038303,13.03451667
Blr_Bst000474,Goragunte Palya,38,77.5399997,13.02895
Blr_Bst000472,Yeshwantpur R M C,38,77.55251636,13.02056667
Blr_Bst000660,8th Mile (Tumkur RD),39,77.50754972,13.04515
Blr_Bst000670,Gollarahatti (Jn.of Nice Rd),40,77.4730164,12.98848333
Blr_Bst000659,Widia Factory,40,77.49596639,13.04916667
Blr_Bst000489,Morrison Factory,40,77.49229973,13.05045
Blr_Bst000495,Yeshwantpur Junction,44,77.55300525,13.01943889
Blr_Bst000493,R M C (Yeshwanthpura),44,77.54763302,13.02436667
Blr_Bst00096,Iskcon Temple,44,77.55144969,13.01171667
Blr_Bst000917,Malleshwaram 18th Cross,45,77.56890468,13.00869667
Blr_Bst000868,Malleshwaram Bus Station,45,77.56909968,13.0086
Blr_Bst000648,TATA Institute (IISC),45,77.56853301,13.01233333
Blr_Bst000471,Govardhana Talkies,45,77.55706636,13.01775
Blr_Bst000470,Yeshwantapura,45,77.55849969,13.01816667
Blr_Bst000114,Yeshwantpura Bus Stand,45,77.55746636,13.0182
Blr_Bst000815,Lingarajpura,49,77.62569964,13.01235
Blr_Bst000795,Siddagunta Palya,50,77.65466629,12.99015
Blr_Bst000372,N.G.E.F.,50,77.64979963,12.98783333
Blr_Bst000135,Rammurthynagar/Channasandra,50,77.66228295,13.01118333
Blr_Bst000804,Byrthi Bande,54,77.65332185,13.07771389
Blr_Bst000803,Bible College,54,77.65156629,13.0715
Blr_Bst000792,ITI Bus Stop,55,77.68608293,13.00552777
Blr_Bst000793,K.R. Puram Bus Stand,55,77.69257737,13.00816111
Blr_Bst000371,B Narayanapura (ORR),55,77.68455793,12.99536389
Blr_Bst000370,Mahadevapura (Cauvery Complex),55,77.6906496,12.99736667
Blr_Bst000369,Singayana Palya,55,77.69491626,12.99573333
Blr_Bst000140,Mahadevpura,55,77.68736626,12.99133333
Blr_Bst000136,K. R. Puram Rlwy Station,56,77.67688294,13.00021667
Blr_Bst000794,Tin Factory,56,77.66919961,12.99703333
Blr_Bst000358,Benniganahalli,57,77.66351629,12.99415
Blr_Bst000357,Kaggadasapura Jn (Big Bazaar),57,77.65761629,12.9913
Blr_Bst000791,Siddaguntapalya Cross,57,77.65508295,12.99005
Blr_Bst000567,DRDO (CV Raman Nagar),57,77.66101629,12.98436667
Blr_Bst000566,C V  Raman Nagara,57,77.66401629,12.98565
Blr_Bst000356,NGEF,57,77.65061629,12.98798333
Blr_Bst000586,Thippasandra Cross,58,77.64689963,12.97435
Blr_Bst000585,Jeevan Bhima Nagar Police Stat,58,77.65543295,12.96761666
Blr_Bst000568,Thippasandra Market,58,77.65074962,12.97245
Blr_Bst000565,DRDO Gate,58,77.65804962,12.98118333
Blr_Bst000564,LRD Camp,58,77.65493295,12.98006667
Blr_Bst000563,CGHS,58,77.65374129,12.97866666
Blr_Bst000562,BEML Gate (Thippasandra),58,77.65551629,12.9761
Blr_Bst000559,Petrol Pump (Indiranagara),58,77.65464962,12.96768333
Blr_Bst000816,Charles School Bus Stop,59,77.62103298,13.00633333
Blr_Bst000840,Fraser town (Doddi stop),60,77.61214965,13.0028
Blr_Bst000839,Amanath Bank Stop,60,77.61238298,13.00623333
Blr_Bst000817,Clarence School,60,77.61643298,13.00285
Blr_Bst000647,Cantonment RLWY Station,63,77.59724966,12.99376667
Blr_Bst000645,Jayamahal,63,77.59513022,12.99999166
Blr_Bst000921,Queens Road,63,77.59933173,12.98883669
Blr_Bst000439,Malleshwaram 8th Cross,65,77.56926635,13.0003
Blr_Bst000431,Malleshwaram 6th Cross,65,77.56926635,12.99748333
Blr_Bst000430,Malleshwaram 15th Cross,65,77.57119968,13.00463333
Blr_Bst000416,Malleshwaram 13th cross,65,77.56938301,13.00423333
Blr_Bst000415,Malleshwaram 10th Cross,65,77.56926635,13.00105
Blr_Bst000414,Malleshwaram circle,65,77.56929968,12.99825
Blr_Bst000113,Govt Soap Factory,66,77.55439969,13.01306667
Blr_Bst000304,Navaranga,67,77.55099969,12.99831667
Blr_Bst000303,Mahalakshmi Layout Entrance,67,77.54849969,13.00766667
Blr_Bst000118,West Of Choard Road(Navarang),67,77.54983302,12.99978333
Blr_Bst000111,Modi Circle,67,77.54991636,12.99961667
Blr_Bst00098,Rajajinagar 1st Block,67,77.55003302,13.00348333
Blr_Bst00097,Mahalakshmi Layout Cross,67,77.54881636,13.00836667
Blr_Bst000315,Temple (Mahalakshmi Layout),68,77.54408302,13.0085
Blr_Bst000302,Mahalaxmi Temple,68,77.54531636,13.00828333
Blr_Bst000301,Mahalakshmi Layout Bus stop,68,77.54396636,13.01193333
Blr_Bst000112,Mahalakshmi Layout,68,77.54414969,13.01168333
Blr_Bst000672,Sunkadakatte,71,77.50438305,12.99016667
Blr_Bst000671,Anjananagar,72,77.4884164,12.98613333
Blr_Bst000669,Magadi Road (Raman Polytechnic,72,77.4781164,12.98608333
Blr_Bst000668,Bydarahalli,72,77.4827664,12.98508333
Blr_Bst000667,Hero Halli Cross,72,77.49326639,12.98761667
Blr_Bst000674,Summanahalli,73,77.51879971,12.98738333
Blr_Bst000673,Kottigepalya,73,77.51536638,12.98781667
Blr_Bst000326,AladaMara (ORR),73,77.50964971,12.9755
Blr_Bst000325,Ambedkar College,73,77.50463305,12.96046667
Blr_Bst000324,Thegumbe Cross,73,77.50501639,12.96035
Blr_Bst000323,Vinayaka Layout 12th Cross,73,77.51490527,12.96001667
Blr_Bst000317,N.G.E.F Layout (Malathahalli R,73,77.51036638,12.96113333
Blr_Bst00091,Kengunta Circle,73,77.50501638,12.96035
Blr_Bst00032,N.G.E.F Layout,73,77.50936638,12.96096667
Blr_Bst00019,Nagarabhavi BDA Complex,73,77.51191638,12.97946667
Blr_Bst000460,Basaveshwara Nagar Water Tank,74,77.53876637,12.99275
Blr_Bst000461,Shankar Matha Bus Stop,75,77.54008303,12.99626667
Blr_Bst000462,Devaiah park Bus Stop,76,77.56238301,12.99658333
Blr_Bst000458,Mariyappana Palya,76,77.56038301,12.99715
Blr_Bst000457,Harishchandra Ghat,76,77.56239968,12.99651667
Blr_Bst000505,Central (Rajiv Gandhi Circle),77,77.57128301,12.99675
Blr_Bst000494,Link Road (Seshadripuram),77,77.57384968,12.99438333
Blr_Bst000456,Malleshwaram Circle Kuvempu Na,77,77.57384968,12.9943
Blr_Bst000455,Pipe line (Seshadripuram),77,77.57386635,12.99411667
Blr_Bst000841,Coles park,78,77.60841632,12.99825
Blr_Bst000796,Frazer Town (Post Office),78,77.61216632,13.00128333
Blr_Bst000901,Halasuru (Ulsoor) Lake,78,77.61615632,12.98937333
Blr_Bst000843,Bamboo Bazaar,78,77.60441632,12.9925
Blr_Bst000842,Coles RD (Jn. Of Netaji RD),78,77.60709965,12.99633333
Blr_Bst000821,CSI Hospital,78,77.60463299,12.99173333
Blr_Bst000375,Philips (RMZ Ulsoor Lake),79,77.62394964,12.98191667
Blr_Bst000373,Indiranagar Bus Depot,79,77.63474964,12.9826
Blr_Bst000354,Binnamangala,80,77.64033296,12.98395
Blr_Bst000912,Indira Nagar Police Station,80,77.64012296,12.97840833
Blr_Bst000597,Indiranagar 100 FT RD (6th Mai,80,77.6410663,12.97431666
Blr_Bst000558,C.M.H Hospital,80,77.6461163,12.97841667
Blr_Bst000557,Indiranagar Police station,80,77.64093296,12.97728333
Blr_Bst000556,Indiranagar 6th Main,80,77.6411663,12.97403333
Blr_Bst000374,Ulsoor,80,77.62913297,12.9791
Blr_Bst000355,Isolation Hospital,80,77.64329963,12.985
Blr_Bst000353,Indiranagar (Depot-6),80,77.63506631,12.9825
Blr_Bst000137,Mahadevpura (ORR),81,77.68736627,12.99115
Blr_Bst000368,ABB Centre,82,77.70566625,12.99305
Blr_Bst000363,Pattandura Agrahara,82,77.72719957,12.98893333
Blr_Bst000362,Big Bazar (ITPL),82,77.73184956,12.98795
Blr_Bst000361,Rajpalya (Whitefield RD),82,77.7211829,12.99111667
Blr_Bst000360,Hoody,82,77.71634958,12.99218333
Blr_Bst000359,Garudachar Palya,82,77.70194959,12.99376667
Blr_Bst000335,SAP Labs India,82,77.71486625,12.97773333
Blr_Bst000334,KTPO,82,77.72116624,12.97706666
Blr_Bst000333,Vaidehi (Depot-18),82,77.72689957,12.97658333
Blr_Bst000332,Sathya Sai Hospital,82,77.72896624,12.98421667
Blr_Bst000330,Sri Sathya Sai Hospital,82,77.72866624,12.98345
Blr_Bst000329,SAP (ITPL),82,77.71491624,12.97756666
Blr_Bst000104,S.J.R.I Park,82,77.72773846,12.98132777
Blr_Bst00084,Palandur Agrahara Cross,82,77.73194956,12.98798333
Blr_Bst00053,ITPL Back Gate,82,77.73179956,12.98633333
Blr_Bst00052,I Gate (Perot Systems),82,77.71804957,12.97728333
Blr_Bst000367,Brigade Tech Park (ITPL),83,77.74056623,12.98753333
Blr_Bst000366,G.R.Tech,83,77.74324955,12.98686667
Blr_Bst000365,BPL (ITPL),83,77.74843288,12.9851
Blr_Bst000364,G.R.Tech (ITPL),83,77.74288288,12.98683333
Blr_Bst000331,BSNL Office (Whitefield RD),83,77.75533288,12.99061666
Blr_Bst000297,Palandua Agrahar Gate,83,77.73374956,12.98788333
Blr_Bst00072,Hope Farm,83,77.75254955,12.98391667
Blr_Bst00071,Kadugodi Bus Station,83,77.75843287,12.99568333
Blr_Bst00054,ITPL,83,77.73714956,12.98748333
Blr_Bst000849,Varthurkodi,84,77.74601344,12.95823055
Blr_Bst000905,White Field Post Office,84,77.74842288,12.96411333
Blr_Bst000904,Siddapur,84,77.73230956,12.95635
Blr_Bst000345,Ramagondanahalli,84,77.73906622,12.95704722
Blr_Bst000876,Marathahalli Bridge (ORR),85,77.70149403,12.96005833
Blr_Bst000851,Spice Garden,85,77.70901625,12.95646666
Blr_Bst000850,Kundalahalli Gate,85,77.71484958,12.95638333
Blr_Bst000344,Tubarahalli,85,77.72264679,12.95571389
Blr_Bst000339,BEML Layout (ITPL),85,77.71656625,12.96096667
Blr_Bst000338,AECS  Layout,85,77.71824957,12.96508333
Blr_Bst000337,CMRIT College (ITPL),85,77.71401625,12.96763333
Blr_Bst000336,Kundalahalli  colony,85,77.71262458,12.96981944
Blr_Bst000309,Muneeshwara Temple,85,77.70901625,12.95646667
Blr_Bst000308,Kundalahalli,85,77.71839957,12.96521667
Blr_Bst000156,Doddanekkundi,85,77.69484959,12.97945
Blr_Bst000139,Kartik Nagar,85,77.70156626,12.96835
Blr_Bst000138,Kartika Nagar,85,77.70156625,12.96835
Blr_Bst00051,Graphite India Limited,85,77.71001625,12.97721667
Blr_Bst000848,Marathalli Bridge,86,77.70169959,12.95698333
Blr_Bst000168,Marathahalli P/O (Varthur Rd),86,77.68871627,12.95518333
Blr_Bst00060,Marathahalli Jn,86,77.70001626,12.95701667
Blr_Bst000852,Borewell (Marathahali RD),87,77.6865996,12.95493333
Blr_Bst000847,HAL Main Gate (OPP),87,77.66518794,12.95843
Blr_Bst000561,State Bank (Jeevan Bhimanagar),87,77.66126629,12.96681667
Blr_Bst000166,HAL Kalyan Mantap,87,77.67981627,12.9545
Blr_Bst000854,Kodihalli,88,77.6453663,12.9602
Blr_Bst000913,Jeevanbhima Nagar,88,77.65792962,12.96570833
Blr_Bst000853,Hotel Leela Palace (Opp Royal,88,77.64764129,12.96002777
Blr_Bst000596,Doopanahalli,88,77.6416163,12.9633
Blr_Bst000569,Indiranagar 100 FT RD (13th Ma,88,77.64134963,12.96855
Blr_Bst000560,Jeevan Bhima Nagar Bus Stand,88,77.65786629,12.96596666
Blr_Bst000555,Indiranagar 13th Main Road,88,77.6414163,12.9682
Blr_Bst000350,Manipal Hospital,88,77.65074457,12.95972007
Blr_Bst000916,Halasuru (Ulsoor),89,77.62645464,12.975925
Blr_Bst000915,Taj Residency,90,77.62005965,12.974415
Blr_Bst000910,Lake Side Hospital,90,77.61728965,12.98834833
Blr_Bst000887,M.G. RD (Manipal Centre),90,77.61438021,12.97451111
Blr_Bst000376,Taj Residency (Trinity Circle),90,77.61996632,12.9734
Blr_Bst000251,M G Road,90,77.61413298,12.97441667
Blr_Bst000923,Jn Bhaskaran and GC Rd,90,77.62007552,12.97565768
Blr_Bst000907,Basaveshwara Circle (L.H.),93,77.58819967,12.9845
Blr_Bst000896,Cunnighama Road,93,77.594483,12.98773333
Blr_Bst000873,Hotel Grand Ashoka,93,77.58279967,12.9915
Blr_Bst000861,Hotel Windsor Manor (Le Meride,93,77.58509634,12.99400667
Blr_Bst000858,Hotel Le Meridean,93,77.58602745,12.99022778
Blr_Bst000844,Vasanth Nagar (Ambedkar Bhavan,93,77.594883,12.9926
Blr_Bst000192,R.M. Guttahalli,93,77.58411634,12.9987
Blr_Bst000874,Kempe Gowda Bus Station,94,77.57239968,12.9775
Blr_Bst000506,Binny Mill,94,77.57113301,12.97758333
Blr_Bst000410,Cauvery  Bhavan,94,77.58151634,12.97373333
Blr_Bst000206,Shivananda circle,94,77.57489968,12.98581667
Blr_Bst000205,Shivananda stop,94,77.57474412,12.98593333
Blr_Bst000199,Majestic (KBS),94,77.57209968,12.97833333
Blr_Bst000298,Okalipuram,95,77.56741635,12.98211667
Blr_Bst000607,Sujatha Talkies,96,77.56279968,12.9825
Blr_Bst000869,Rajajinagar/Navaranga,99,77.55189969,12.9979
Blr_Bst000314,Navarang Bus Stand,99,77.55138302,12.99628333
Blr_Bst000313,E.S.I. (Rajaji Nagar),99,77.55296636,12.99011667
Blr_Bst000312,Dr Rajkumar RD (Old Police Sta,99,77.55561636,12.9899
Blr_Bst000305,Basaveshwara College,99,77.55266636,12.9939
Blr_Bst000119,Shivanahalli,99,77.55093302,12.9908
Blr_Bst000110,Basava Mantap Stop,99,77.55081636,12.99553333
Blr_Bst00099,Manjunath Nagar/Modhi Hospital,99,77.55094969,12.99471667
Blr_Bst000281,Havanur Circle,100,77.53771637,12.98801667
Blr_Bst000666,Kamakshipalya,101,77.52916637,12.98393333
Blr_Bst000665,Magadi Road (K.H.B Colony),101,77.5351997,12.98136667
Blr_Bst000280,Basaveshwara Nagar,101,77.53401637,12.98848333
Blr_Bst000675,K.H.B Colony (Mysore RD),104,77.53581637,12.98093333
Blr_Bst000676,Dasarahalli (Magadi RD),105,77.54171637,12.97848333
Blr_Bst000664,Magadi Road (Dasarahalli),105,77.54108303,12.97893333
Blr_Bst000677,Toll Gate (Magadi Road ),106,77.54934969,12.97415
Blr_Bst000319,Rajajinagar 6th Block,106,77.55349969,12.97891667
Blr_Bst000299,Dasarahalli Kere,106,77.54516636,12.985
Blr_Bst000107,Magadi Road Tolgate,106,77.54911636,12.982
Blr_Bst000282,Bhashyam Circle,107,77.55401636,12.98455
Blr_Bst000109,Rajajinagar Power Station,107,77.55058302,12.98955
Blr_Bst000108,Industrial Town,107,77.54906636,12.98495
Blr_Bst000100,Dhobi ghat,107,77.55098302,12.98716667
Blr_Bst000604,Gopalapuram,108,77.55839969,12.98078333
Blr_Bst000459,Basaveshwara Nagar 8th Main,108,77.55972191,12.98666666
Blr_Bst000321,Bhashyam Circle (Rajajinagar),108,77.55413302,12.984
Blr_Bst000320,Rajajinagar Bhashyam Circle,108,77.55411636,12.98381667
Blr_Bst000311,Ram Mandira,108,77.55623302,12.9863
Blr_Bst000307,Rajajinagar Entrance,108,77.55721636,12.98441667
Blr_Bst000306,Rajajinagar old police station,108,77.55439969,12.98925
Blr_Bst000283,Ram Mandira,108,77.55728302,12.98418333
Blr_Bst000193,Mysore Bank Circle,109,77.582333,12.9722
Blr_Bst000603,Corporation (Kalinga RD),110,77.587283,12.96513333
Blr_Bst000727,Corporation Office,110,77.58811634,12.9669
Blr_Bst000892,Indian Express,110,77.59702966,12.98373333
Blr_Bst000886,GPO,110,77.59540244,12.98141944
Blr_Bst000859,Corporation (Kasturba Road),110,77.58669967,12.9683
Blr_Bst000845,Shivaji Nagar Bus Station,110,77.60303299,12.98395
Blr_Bst000646,Indian Express Circle,110,77.59753299,12.98400833
Blr_Bst000626,BRV Parade Ground (PHQ),110,77.60234966,12.97938333
Blr_Bst000610,Vidhan Soudha,110,77.59176633,12.97873333
Blr_Bst000609,K.R.Circle (Post Office RD),110,77.58576634,12.97526667
Blr_Bst000608,Mysore Bank (Post Office Rd),110,77.58166634,12.97295
Blr_Bst000432,Corporation (Pallavi theater),110,77.59129966,12.96796667
Blr_Bst000413,Maharani collage,110,77.58556634,12.97711667
Blr_Bst000412,Subaiah Circle,110,77.59099966,12.96261667
Blr_Bst000409,High Ground Police station,110,77.58849967,12.98368333
Blr_Bst000385,Kaveri Bhavan,110,77.58129967,12.97328333
Blr_Bst000255,Indian Express Stop,110,77.59741633,12.98398333
Blr_Bst000248,K.R.Circle,110,77.58696634,12.97533333
Blr_Bst000194,Mallya Hospital,110,77.59431633,12.97026666
Blr_Bst000922,Dickenson Road,110,77.61141317,12.98081336
Blr_Bst000737,Brigade Road (St Patricks Chur,111,77.60709132,12.9714
Blr_Bst000909,Bangalore Club (Richmond Circl,111,77.59982299,12.967645
Blr_Bst000908,Bowring Institute (SBI),111,77.60143299,12.97445
Blr_Bst000906,Richmond Circle (Opp Bangalore,111,77.59658855,12.96500278
Blr_Bst000820,Gandhi Statue (Chinnaswami),111,77.59909966,12.97745
Blr_Bst000819,Museum road,111,77.59634966,12.97435
Blr_Bst000773,Garuda Mall,111,77.60514966,12.97005
Blr_Bst000772,M.G. Road (Mayo Hall),111,77.60971632,12.9733
Blr_Bst000351,D'suoza Circle,111,77.60973298,12.96683333
Blr_Bst000341,Shoollay Circle,111,77.60901632,12.96648333
Blr_Bst000328,Manipal Center (Near M.G. RD),111,77.61393298,12.97548333
Blr_Bst000310,St.Joseph College,111,77.60457466,12.97074722
Blr_Bst000252,ST Marks RD,111,77.60148299,12.97381667
Blr_Bst000195,Mayo Hall (Victoria RD),111,77.61248298,12.9667
Blr_Bst000902,Domlur,112,77.63649963,12.96123333
Blr_Bst000893,Dell Complex,112,77.64138296,12.95453333
Blr_Bst000846,Diamond District,112,77.64013296,12.96071667
Blr_Bst000595,Domlur Bridge,112,77.64134963,12.95836667
Blr_Bst000570,Hero Honda,112,77.64133296,12.95521667
Blr_Bst000169,Raja Rajeshwari Talkies,113,77.66166629,12.95921667
Blr_Bst000342,Rajeshwari (Old Airport RD),113,77.66253295,12.95906667
Blr_Bst000164,Murigesh Palya,113,77.65623295,12.9592
Blr_Bst000163,Manipal Hospital (Opp Leela pa,113,77.65069962,12.95943333
Blr_Bst000738,Trinity Circle (Church),114,77.61981631,12.97251111
Blr_Bst000352,Philips (Ulsoor Lake),114,77.62159964,12.97281667
Blr_Bst000771,Vannar Pete,114,77.62104964,12.95633333
Blr_Bst000340,Electric Stop (Manipal Center),114,77.61963298,12.97093333
Blr_Bst000894,Koramangala (Jn. Ejipura RD),114,77.63334964,12.93863055
Blr_Bst000856,Military Accounts Office (Trin,114,77.62088298,12.96676667
Blr_Bst000855,Command Hospital,114,77.62564964,12.96495
Blr_Bst000790,Trinity Circle (TAJ RESIDENCY),114,77.61963298,12.97161667
Blr_Bst000196,Military Accounts Office,114,77.62076632,12.96691667
Blr_Bst000770,Vivek Nagar Cross,115,77.62073297,12.9521
Blr_Bst000739,Vivek Nagar Church,115,77.62103297,12.95186667
Blr_Bst000789,Anepalya,117,77.60526632,12.95141666
Blr_Bst000253,Johnson Market,117,77.60684965,12.96538333
Blr_Bst000247,K H Road,117,77.59299966,12.958
Blr_Bst000454,Purnima Bus Stop,118,77.585683,12.95535
Blr_Bst000279,Poornima Talkies (Lalbhagh RD),118,77.58794967,12.96068333
Blr_Bst000726,Town Hall (N.R. RD),119,77.58376634,12.9636
Blr_Bst000694,Town Hall,119,77.58406634,12.96385
Blr_Bst000542,Kims Hospital/Makkal Koota,119,77.57494967,12.96078333
Blr_Bst000540,Kalasipalayam,119,77.57758301,12.9639
Blr_Bst000525,Kalasipalyam Bus Stand,119,77.57664967,12.96363333
Blr_Bst000662,Magadi Road 1st Cross,120,77.56311635,12.97556667
Blr_Bst000625,Super Talkies,120,77.56753301,12.96728333
Blr_Bst000678,Magadi Road (5th Ph),121,77.55961913,12.97571389
Blr_Bst000663,Magadi Road 10th Cross,122,77.55729969,12.97563333
Blr_Bst000322,Vijayanagar,123,77.53793303,12.97215
Blr_Bst000121,Adi Chunchanagiri Matta,123,77.54593302,12.97386667
Blr_Bst000101,Manuvana,123,77.54473302,12.97398333
Blr_Bst000128,Vijayanagar Bus Station,124,77.5378997,12.97195
Blr_Bst000605,Vijayanagar (Depot-5),125,77.53768303,12.97181667
Blr_Bst00033,Maruthi Mandir,125,77.53606637,12.96763333
Blr_Bst00034,Garaje (DEPOT-5),126,77.53478303,12.9647
Blr_Bst00020,Nagarabhavi Circle,128,77.51891638,12.95851667
Blr_Bst00068,Bangalore University Gate,129,77.51306638,12.93555
Blr_Bst000316,Papareddy Palya,129,77.50763305,12.97183333
Blr_Bst00067,Jayaram Dass( Kenhan Halli),129,77.50618305,12.93108333
Blr_Bst000687,Church (KST),130,77.48663306,12.92861667
Blr_Bst000234,Kengeri Housing Board Qrts,130,77.48808306,12.93313333
Blr_Bst000684,BWSSB Quaters,131,77.52354971,12.93968333
Blr_Bst000683,Nayandanahalli,131,77.5259997,12.94323333
Blr_Bst000606,Ganeshgudi,132,77.52851637,12.9574
Blr_Bst000318,Attiguppe,132,77.5339497,12.95768333
Blr_Bst00090,Chandra Layout,132,77.52628303,12.9583
Blr_Bst00021,Income Tax Layout,132,77.53201637,12.96
Blr_Bst000127,Depot 5 (Vijayanagar),133,77.5345497,12.96381667
Blr_Bst000126,Deepanjali Nagar (Depot -16),133,77.53716637,12.95188333
Blr_Bst00031,R P C Layout,133,77.53393303,12.95798333
Blr_Bst000682,Bapuji Nagar,134,77.54166637,12.95316667
Blr_Bst000681,Mysore Road Circle (Sirsi Circ,136,77.55646636,12.96008333
Blr_Bst000679,Anandpura Stop,137,77.56758301,12.9635
Blr_Bst000611,Goodshed Road,139,77.56820801,12.96796111
Blr_Bst000507,Ryan Circle,139,77.56806635,12.96048333
Blr_Bst000680,Vinayaka Stop,140,77.56053301,12.96156667
Blr_Bst000693,Sirsi Circle (Mysore Road),140,77.55969968,12.96025
Blr_Bst000508,Sirsi Circle,140,77.55953302,12.96026666
Blr_Bst000120,Mysore Road Tolgate,141,77.55411635,12.95796666
Blr_Bst000623,Uma Theater,142,77.56714968,12.9536
Blr_Bst000612,Ramakrishna Ashrama,142,77.56731635,12.94258167
Blr_Bst000539,Mahila Samaj,142,77.57359968,12.95305
Blr_Bst000538,National College,142,77.57376635,12.9497
Blr_Bst000528,National College (K.R. RD),142,77.57369968,12.94965
Blr_Bst000527,Mahila Samaj (K.R. RD),142,77.57366635,12.95305
Blr_Bst000384,Lalbagh Main Gate,143,77.58499967,12.9541
Blr_Bst000863,Minerva Circle,143,77.57999967,12.9542
Blr_Bst000695,Mahila Seva Samaj,143,77.57654967,12.952
Blr_Bst000624,Bull Temple RD,143,77.56753301,12.95625
Blr_Bst000602,Lalbagh West Gate,143,77.58011634,12.9485
Blr_Bst000526,Makkala Koota,143,77.57359968,12.9573
Blr_Bst000463,Lalbagh West Gate (Minerva Cir,143,77.580033,12.954
Blr_Bst000377,R.V. Teachers colony,143,77.579983,12.94443333
Blr_Bst000278,R.V Teachers Colony,143,77.581083,12.94373333
Blr_Bst000265,Ashoka Pillar,143,77.580033,12.9446
Blr_Bst000436,Lakkasandra,144,77.59706633,12.9441
Blr_Bst000435,Wilson Garden 10th Cross,145,77.59586633,12.94636667
Blr_Bst000433,Shanthinagar Bus Station,145,77.59233299,12.95441833
Blr_Bst000411,Wilson Garden 12th Cross,145,77.59813299,12.94745
Blr_Bst000296,Wilson Garden,145,77.59494966,12.9516
Blr_Bst000787,Adugodi Police Quarters,146,77.60834965,12.94165
Blr_Bst000736,Mico (West Gate),146,77.60295521,12.94246944
Blr_Bst000295,Bangalore Dairy Circle (Christ,146,77.60668298,12.9365
Blr_Bst000254,Forum Mall (Hosur RD),146,77.61233298,12.93411666
Blr_Bst000171,Madiwala Check Post (Big Bazar,146,77.61093298,12.9339
Blr_Bst000740,Passport Office,147,77.61864965,12.94618333
Blr_Bst000788,Adugodi,147,77.60779688,12.94376389
Blr_Bst000768,Koramangala (80 FT RD),148,77.62649964,12.9379
Blr_Bst000741,NGV Center,148,77.62259964,12.94261667
Blr_Bst000895,Jn. of Koramangala 80ft RD,148,77.62744964,12.93768333
Blr_Bst000769,Depot - 15,148,77.62461631,12.94076667
Blr_Bst000588,Ncc Bridge (Koramangala),148,77.62911631,12.93843333
Blr_Bst000587,Ejipura Jn. (Srinivasagilu),148,77.63256631,12.93845
Blr_Bst000571,Koramangala (Opp Oasis Mall),148,77.62769964,12.93783333
Blr_Bst00040,Kormangala 100 Feet Road,148,77.62769964,12.93783333
Blr_Bst000349,Varthur,149,77.74741344,12.939875
Blr_Bst000348,KKR School,149,77.74669955,12.93796666
Blr_Bst000347,Vinayaka Nagar,149,77.74479955,12.93635277
Blr_Bst000346,Gunjur,149,77.73466345,12.92097777
Blr_Bst000903,Marathahalli (Jn. Vartur and O,150,77.70214681,12.95675
Blr_Bst000888,DELL Complex (Hero Honda),150,77.64093019,12.95327222
Blr_Bst000881,Accenture,150,77.6787596,12.92688
Blr_Bst000877,Intel,150,77.6795896,12.92749833
Blr_Bst000766,Junnasandara Gate,150,77.68433293,12.91088333
Blr_Bst000765,Dodda Kannelli,150,77.69731626,12.9067
Blr_Bst000751,Railway Gate (Sarjapura RD),150,77.70649958,12.90213333
Blr_Bst000750,Carmeleram College,150,77.70398291,12.90343333
Blr_Bst000749,Kannelli,150,77.69546626,12.90721667
Blr_Bst000748,Junnasandra Gate (Opp),150,77.6845496,12.91068333
Blr_Bst000747,Kaikondanahalli,150,77.67763293,12.91393333
Blr_Bst000155,Marathahalli Multiplex Bridge,150,77.69968292,12.9516
Blr_Bst000154,ECO Space (RMZ),150,77.6817996,12.9286
Blr_Bst000153,Bellandur Gate (ORR),150,77.67619961,12.92596667
Blr_Bst000150,Sarjapur Cross,150,77.66618294,12.92111667
Blr_Bst000149,AKME Apartments (ORR),150,77.66999961,12.92283333
Blr_Bst000105,Sarjapur Jn (ORR),150,77.66553295,12.92108333
Blr_Bst00085,Jn of Sarjapura Road,150,77.66553294,12.92108333
Blr_Bst00058,Marathahalli (Mulitplex ORR),150,77.70023292,12.95395
Blr_Bst00050,Marathahalli Bridge,150,77.70166625,12.95676666
Blr_Bst00049,J.P.Morgan,150,77.69689959,12.94245
Blr_Bst00048,Kadabisanahalli,150,77.69541626,12.93953333
Blr_Bst00047,New Horizion College (ORR),150,77.69183292,12.93596667
Blr_Bst00046,Devarabisanahalli,150,77.68473293,12.92976667
Blr_Bst000889,Koramangala (SONY World),151,77.62668297,12.93696667
Blr_Bst00041,Madiwala Masjid,151,77.61828298,12.92473333
Blr_Bst000898,Koramangala Water tank,151,77.62144964,12.92745
Blr_Bst000786,St Johns Hospital,151,77.61566631,12.92966666
Blr_Bst000785,Krupanidhi College,151,77.62834964,12.924
Blr_Bst000784,Madiwala Market,151,77.62201631,12.92216667
Blr_Bst000743,Koramangala 4th Block (Maharaj,151,77.62993297,12.93405
Blr_Bst000742,Maharaja Hotel,151,77.62749964,12.9366
Blr_Bst000594,Koramangala (IIPM),151,77.62373298,12.93436666
Blr_Bst000589,Canara Bank (IIPM Koramangala),151,77.62381631,12.93446667
Blr_Bst000574,Madiwal Ayyappa Temple,151,77.61896632,12.9233
Blr_Bst000573,Kendriya Sadhan,151,77.62064964,12.92676667
Blr_Bst000572,Koramangala (BDA Complex),151,77.62223297,12.93085
Blr_Bst000170,Kormangala Water Tank (VIT),151,77.62173298,12.92925
Blr_Bst000161,Kormangala BDA Complex,151,77.62246631,12.93128333
Blr_Bst00061,Jakkasandra,151,77.63948296,12.92408333
Blr_Bst000897,Madiwala (Check Post),152,77.61262965,12.93241833
Blr_Bst000774,ST John's Hospital,152,77.61538298,12.92888333
Blr_Bst000735,Apollo Hospital (Bannerghatta,152,77.60051633,12.92746667
Blr_Bst000728,Bangalore Dairy Circle,152,77.60136633,12.93521667
Blr_Bst000437,Christ College,152,77.60741632,12.936
Blr_Bst000864,Vijaya College,153,77.57999967,12.939
Blr_Bst000696,Gandhi Bazaar,153,77.57689967,12.94363333
Blr_Bst000464,Ashoka Pillar (Kankanapalya Rd,153,77.58461634,12.94365
Blr_Bst000266,Jayanagara Madavan Park,153,77.58516634,12.94221667
Blr_Bst000613,Ganesh Bhavan,154,77.56687968,12.93831667
Blr_Bst000529,Basavanagudi Police Station,154,77.57374968,12.94211666
Blr_Bst000584,Srinagar,156,77.55463302,12.9442
Blr_Bst000583,Apex Bank (Srinagar),156,77.55508302,12.9419
Blr_Bst000582,Mysore Bank Colony,156,77.55278302,12.93873333
Blr_Bst000548,Srinagar,156,77.55468302,12.9443
Blr_Bst000509,Byatarayanapura Police Station,157,77.5399997,12.95166667
Blr_Bst000692,M.C.T.C Bus Stand  (Big Bazaar),157,77.54414969,12.95363333
Blr_Bst000619,Avalahalli,158,77.5385997,12.93933333
Blr_Bst000618,Avalahalli BDA Complex,158,77.53808303,12.93938333
Blr_Bst000510,Quality Biscuits Factory,158,77.53116637,12.94687222
Blr_Bst000125,Veerabhadra Nagar,158,77.53376637,12.93786667
Blr_Bst000124,Dwaraka Nagar,158,77.5385497,12.93415
Blr_Bst000123,Deepanjali Nagara (DEPOT-16),158,77.53721637,12.95121667
Blr_Bst00035,Nayandhalli Cross,158,77.52853303,12.94506667
Blr_Bst00030,Nayandahalli Jn,158,77.52916637,12.94503333
Blr_Bst00022,BHEL Gate (Mysore Road),158,77.53678303,12.94971667
Blr_Bst000691,Kengeri,159,77.4839664,12.91036667
Blr_Bst00065,Mylasandra (Mysore Raod),159,77.49069972,12.91771667
Blr_Bst000690,Kengeri Post Office (KST),159,77.4814164,12.91425
Blr_Bst000689,Syndicate Bank (KST),159,77.48411639,12.922
Blr_Bst000688,Kengeri Sat Town (KST),159,77.4853664,12.92493333
Blr_Bst000686,Shirke Apartment (KST),159,77.4877664,12.93188333
Blr_Bst000233,Kengeri Upanagar,159,77.48489973,12.92411667
Blr_Bst000210,Uttara Halli Cross,159,77.48484973,12.91198333
Blr_Bst000209,Kengeri Post Office,159,77.4813664,12.91418333
Blr_Bst00076,Post Office (Kengeri),159,77.4813664,12.91418333
Blr_Bst00075,R.V. College,159,77.49928305,12.92525
Blr_Bst00066,R.V.Teachers Colony,159,77.49928305,12.92525
Blr_Bst00064,Ganesha Temple (Mysore RD),159,77.4803164,12.91136667
Blr_Bst00063,Railway Station (KST),159,77.48224973,12.91653333
Blr_Bst000512,Panthara palya,160,77.52421637,12.94021667
Blr_Bst000522,Kenchana halli,160,77.51566638,12.93176667
Blr_Bst000521,Kanakadas Circle (Double road),160,77.52069971,12.91463333
Blr_Bst000520,BEML 5th Stage,160,77.52106637,12.90996667
Blr_Bst000519,Channasandra (Swathi Clinic),160,77.52104971,12.90438333
Blr_Bst000518,Channasandra layout,160,77.51696638,12.9032
Blr_Bst000516,Channasandra layout (Uttarahal,160,77.51586638,12.9034
Blr_Bst000515,Channasandra (Uttarahalli RD),160,77.52066637,12.90265
Blr_Bst000514,BEML Complex,160,77.52034971,12.91941667
Blr_Bst000513,R.R. Petrol Bunk,160,77.51614971,12.93278333
Blr_Bst000511,Nayanda halli,160,77.52637821,12.94347206
Blr_Bst000228,Channasandra,160,77.52039971,12.90258333
Blr_Bst00088,Rajarajeswari Police station,160,77.52084971,12.91288333
Blr_Bst00083,Rajarajeswari Jn.,160,77.51836638,12.93595
Blr_Bst00082,Rajarajeswari Temple,160,77.51114971,12.92781667
Blr_Bst00081,Ideal Home Circle,160,77.51819971,12.92446667
Blr_Bst00080,BEML 3rd Stage,160,77.51851638,12.92275
Blr_Bst00077,BEML 5th stage Bus stand,160,77.52128304,12.9068
Blr_Bst00027,Janata Bazar (Kathariguppe),161,77.54601636,12.92818333
Blr_Bst00026,Hoskerehalli Cross (ORR),161,77.54419969,12.92971667
Blr_Bst00025,Hoskerehalli Petrol Bunk,161,77.54008303,12.93305
Blr_Bst00024,PES college (ORR),161,77.53661637,12.93511667
Blr_Bst000621,Nagendra 4th Cross,162,77.55206636,12.93723333
Blr_Bst000617,Girinagara,162,77.5458858,12.94061111
Blr_Bst000616,Muneshwara Block 5th Main,162,77.54238302,12.93873333
Blr_Bst000551,Sitha circle,162,77.54953302,12.93768333
Blr_Bst00029,Hoskere Halli Cross,162,77.5394497,12.9336
Blr_Bst00028,Hoskere Halli,162,77.54339969,12.9306
Blr_Bst000622,Apex Bank,163,77.55401636,12.93703333
Blr_Bst000614,Nirmala Stores,163,77.55603302,12.93696667
Blr_Bst000581,Kattriguppe,163,77.55029969,12.92523333
Blr_Bst000550,Mysore Bank Colony (Girinagara,163,77.55331636,12.93853333
Blr_Bst000549,Srinivasa Nagar,163,77.55649969,12.93815
Blr_Bst000870,Kathariguppe,164,77.55369969,12.9238
Blr_Bst000580,Kamakya (Depot-13),164,77.55411636,12.92376667
Blr_Bst000579,Devegowda Petrol Bunk,165,77.56029968,12.92238333
Blr_Bst000578,Kims Hospital,165,77.56433301,12.92456667
Blr_Bst000552,Banashankari (B.D.A. Complex),165,77.56469968,12.92458333
Blr_Bst000546,Kaveri Nagar,165,77.56908301,12.9192
Blr_Bst000102,Indira Nursing Home,165,77.56458301,12.92913333
Blr_Bst0002,Mini Zoo (KIMS Hospital),165,77.56131635,12.9265
Blr_Bst000723,Deepak Nursing Home,166,77.57696634,12.9253
Blr_Bst000554,Yarabnagar,166,77.56944968,12.91575
Blr_Bst000553,Banashankari (Mono Type),166,77.57032468,12.92230555
Blr_Bst000537,M.M.Industries,166,77.57368301,12.92921667
Blr_Bst000530,M M Industries,166,77.57368301,12.92921666
Blr_Bst00018,Mono Type (Banashankari),166,77.57056635,12.92176667
Blr_Bst000724,Yediyur,167,77.57656634,12.93095
Blr_Bst000698,South End Circle,167,77.58006634,12.93603333
Blr_Bst000697,Gunasheela Nursing home,167,77.576933,12.94053333
Blr_Bst000383,Nanda Talkies,167,77.58016634,12.9334
Blr_Bst000378,Jayanagar South End circle,167,77.58034967,12.93646666
Blr_Bst000277,Jayanagar 1St Block,167,77.584083,12.93641667
Blr_Bst000468,Carmel Convent (Jayanagara Eas,168,77.59293299,12.92703333
Blr_Bst000467,Sanjay Gandhi Hospital,168,77.59693299,12.92691667
Blr_Bst000466,Jayanagar Bus Station,168,77.58356634,12.92721666
Blr_Bst000270,Jayanagara 4th T Block,168,77.58794967,12.9263
Blr_Bst000269,Church Bus Stop,168,77.58356634,12.92721667
Blr_Bst000268,Jayanagar 4th Block (Bus Stati,168,77.58359467,12.927665
Blr_Bst000276,Jayanagar 4th Block,169,77.59161633,12.92713333
Blr_Bst000267,Jayanagar 3rd Block,169,77.583933,12.93156667
Blr_Bst000452,Jayanagar East End,170,77.59686633,12.91696667
Blr_Bst000275,Jayadeva (Nival Tech),170,77.60311633,12.91673333
Blr_Bst000272,Jayanagara (Kempe Gowda School,170,77.59701633,12.92158333
Blr_Bst000271,Jayanagar Pump House,170,77.59691633,12.91733333
Blr_Bst000236,Jayadeva Jn. (Hospital),170,77.60004966,12.91878333
Blr_Bst00062,Gurappanapalya,170,77.60001633,12.91945
Blr_Bst00016,Jayanagar  9th BL East,170,77.59681633,12.91685
Blr_Bst0008,MICO Layout,170,77.60413299,12.91668333
Blr_Bst0006,Jayanagar 9th block East,170,77.59681633,12.91685
Blr_Bst000235,Jal Bhavan (Bannerghatta RD),171,77.60046633,12.92608333
Blr_Bst000577,Jayanagar Water Tank,171,77.60669965,12.91673333
Blr_Bst000775,Ayyappaswami Temple (Madiwala),172,77.61838298,12.9241
Blr_Bst000593,Central Silk Board (BTM),172,77.62263297,12.91728333
Blr_Bst000576,Udupi Garden,172,77.61068854,12.91664166
Blr_Bst000575,Kuvempu Nagar (BTM),172,77.61576632,12.91643333
Blr_Bst000899,Koramangala 1st Block,173,77.63383131,12.924775
Blr_Bst000274,Central Silk Board (ORR),173,77.62351631,12.91758333
Blr_Bst000151,Central Silk  Board (ORR),173,77.62405131,12.91764833
Blr_Bst000891,HSR Layout (BDA Complex),174,77.6381163,12.91266667
Blr_Bst000882,Agara,174,77.65031462,12.924275
Blr_Bst000878,Jn.of Sarjapur RD,174,77.66653794,12.92135167
Blr_Bst000767,Ibbalur,174,77.66299961,12.92125
Blr_Bst000746,Parangi Palya,174,77.65156629,12.91586667
Blr_Bst000745,H.S.R Layout 14th Main,174,77.64891629,12.91576667
Blr_Bst000744,H.S.R BDA Complex,174,77.6384163,12.91586667
Blr_Bst000147,HSR Layout,174,77.63768296,12.91588333
Blr_Bst00055,HSR (Depot-25),174,77.64288296,12.91981667
Blr_Bst00045,H.S.R. Layout (Depot-25),174,77.64308296,12.91973333
Blr_Bst00044,HSR 14th Main,174,77.6376663,12.91591667
Blr_Bst00043,HSR SI Apartment,174,77.62914964,12.91666667
Blr_Bst000884,Bommanahalli,175,77.62830131,12.90774167
Blr_Bst000883,Central Silk Board (Hosur RD),175,77.62421631,12.91448333
Blr_Bst000734,Jayadeva (Opp Shoppers Stop),176,77.60003299,12.91408333
Blr_Bst000866,Kuvempu Nagar (BTM Layout),176,77.61619965,12.9162
Blr_Bst000591,Udipi Garden(Btm Layout 16th M,176,77.61103298,12.91648333
Blr_Bst000590,Central Silk  Board Jn.,176,77.62129964,12.91671666
Blr_Bst000103,BTM MICO Layout,176,77.60444966,12.9166
Blr_Bst00015,BTM 16th Main,176,77.60866632,12.91646666
Blr_Bst00014,BTM Layout,176,77.61626631,12.9162
Blr_Bst0009,BTM Water Tank,176,77.60719132,12.91658333
Blr_Bst000237,BTM Check Post,177,77.59996633,12.91358333
Blr_Bst000865,Dalmiya Circle (J.P. Nagar 3rd,177,77.59511633,12.9071
Blr_Bst000592,Raggigudda,177,77.59371633,12.91675
Blr_Bst000152,Jayadeva (ORR),177,77.59968299,12.91658333
Blr_Bst00089,R.V. Dental College,177,77.58576633,12.911
Blr_Bst00017,Marenahalli,177,77.588983,12.91688333
Blr_Bst0005,Marenahalli Petrol Bunk,177,77.58871634,12.91691667
Blr_Bst000600,J.P. Nagar (6th Ph),178,77.57596634,12.90648333
Blr_Bst000599,J.P.Nagar,178,77.57764967,12.90635
Blr_Bst000598,Indira Gandhi Circle,178,77.57849967,12.91093333
Blr_Bst000699,Banashankari Bus Station,179,77.57379967,12.91765
Blr_Bst000601,Telephone Exchange,179,77.58361634,12.9226
Blr_Bst000547,Shastri Bakery,179,77.573833,12.92315
Blr_Bst000531,Hunasemara,179,77.574233,12.91985
Blr_Bst000382,Jayanagar 9th Main,179,77.583633,12.91743333
Blr_Bst000379,R.V.Dental College,179,77.58569967,12.91101667
Blr_Bst0004,Jayanagar 5th BL East,179,77.583633,12.91726667
Blr_Bst0003,Sangam Circle,179,77.57729967,12.91773333
Blr_Bst000722,Sarakki Gate,180,77.57293301,12.91011667
Blr_Bst000106,Kaderenahalli Cross,180,77.56726635,12.91361667
Blr_Bst000545,Dayananda College (ISRO),181,77.56576635,12.90956667
Blr_Bst000544,Kumarswamy Layout Police Stati,181,77.56299968,12.90561667
Blr_Bst000543,Kumarswamy Layout Bus Stand,181,77.56179968,12.90305
Blr_Bst00057,Kumarswamy Layout,181,77.56189968,12.9034
Blr_Bst00056,ISRO Layout,181,77.55798301,12.89883333
Blr_Bst000872,Chikkalasandra Bus Stand,182,77.55189969,12.9152
Blr_Bst000871,Padmanabhanagara,182,77.55949968,12.917
Blr_Bst0001,Gowdana Palya,182,77.55853302,12.91193333
Blr_Bst000536,Chikkalasandra,184,77.54828302,12.90841666
Blr_Bst000535,Sarige Nagar,184,77.54576636,12.9069
Blr_Bst000534,Uttarahalli Bus stand,184,77.54339969,12.905
Blr_Bst000225,Arehalli,184,77.53771636,12.90835
Blr_Bst000224,Uttarahalli Circle,184,77.54269969,12.90576667
Blr_Bst000223,K.R. Hospital (Uttarahalli),184,77.54578303,12.90676666
Blr_Bst000222,Uttarahalli Bank Colony,184,77.54849969,12.9084
Blr_Bst000217,Purnaprjna Water Tank,184,77.5345497,12.90838333
Blr_Bst000216,Padavalamma Temple,184,77.52873304,12.90498333
Blr_Bst000215,Gurukul School (Uttarahalli Ro,184,77.52706637,12.90446667
Blr_Bst000700,Jaraganhalli,185,77.57339967,12.90215
Blr_Bst000702,Metro Mall (Kanakapura RD),185,77.56846635,12.89418333
Blr_Bst000701,Yelachana Halli,185,77.57234968,12.89875
Blr_Bst000381,Kalyani Magnum JP Nagar,187,77.59496633,12.90131666
Blr_Bst000380,kalyani Magnum,187,77.59606633,12.90018333
Blr_Bst000249,Venkatadri Cross,187,77.59466633,12.89853333
Blr_Bst000246,HSBC Bank,187,77.59884966,12.89248333
Blr_Bst000184,Venkatadri Cross (Bilekahalli),187,77.59466633,12.89853333
Blr_Bst000179,IIM-B,188,77.59989966,12.8966
Blr_Bst000181,G.D. Marra (J.P. Nagar 3rd Ph),188,77.60041632,12.90804444
Blr_Bst000180,Bilekallahalli,188,77.60113299,12.90086666
Blr_Bst000783,Koodlu Gate,190,77.64004963,12.88926667
Blr_Bst000782,Singasandra,191,77.64719963,12.87706667
Blr_Bst000732,Loyala School Stop,192,77.59338299,12.87053333
Blr_Bst000731,Koli Farm Gate,192,77.58849966,12.84186667
Blr_Bst000729,Basavanapura Gate,192,77.58819966,12.84623333
Blr_Bst000187,Basavapura,192,77.58826633,12.84673333
Blr_Bst000186,Nice Road,192,77.58819966,12.84623333
Blr_Bst000175,Kadena Agrahara,192,77.59176633,12.86588333
Blr_Bst00010,Hosa Road Jn.,192,77.65369962,12.86916667
Blr_Bst000733,Arikere Gate,193,77.59804966,12.89031667
Blr_Bst000178,Honey Well (Bannerghatta Road),193,77.59691633,12.88721667
Blr_Bst000177,Hulimavu,193,77.59593299,12.88148333
Blr_Bst000176,Meenakshi Temple,193,77.59456633,12.8742
Blr_Bst000239,Himagiri (Bannerghatta RD),194,77.59048299,12.86208333
Blr_Bst000185,Himagiri,194,77.590483,12.86208333
Blr_Bst000174,Gottigere Stop,194,77.58886633,12.85603333
Blr_Bst000721,Dodda Kallasandra,197,77.55594969,12.88558333
Blr_Bst000704,Gubbalala Cross,197,77.55071636,12.88403333
Blr_Bst000703,Konanakunte Cross,197,77.56434968,12.89041667
Blr_Bst000533,Bank Colony,197,77.55036636,12.90991666
Blr_Bst000532,Chikkalasandra Cross,197,77.55229969,12.9117
Blr_Bst000719,Muneeshwara Temple (Kanakapura,198,77.5332497,12.86481667
Blr_Bst000709,Jyoti Farm,198,77.52871637,12.8596
Blr_Bst000708,Vajra gate,198,77.53278303,12.86426667
Blr_Bst000707,Thalagattarapura,198,77.5366997,12.86931667
Blr_Bst000706,Bayyanapalya,198,77.54236636,12.87485
Blr_Bst000705,Raghuvanahalli,198,77.54604969,12.88058333
Blr_Bst000517,Srinivasa pura,198,77.50859971,12.90385
Blr_Bst000230,BGS Health City,198,77.49798305,12.90256667
Blr_Bst000229,Omkar Ashrama,198,77.50461638,12.90471667
Blr_Bst000213,BGS Main Gate,198,77.49897472,12.90701389
Blr_Bst000212,Savan Darshan Ashrama,198,77.49274972,12.90965
Blr_Bst000211,VES School Cross (Uttarahalli,198,77.48899972,12.90761667
